description,tags
TheOfficialABC please activate ABC reward program for account number 2035765318770.Reg mob no889409522371 iraised so many complains nt get sol,0
"TheOfficialABC It's urgent, please provide the contact number of the branch!",2
"first gov said less cash transaction, now less paper (cheque).. future may be only sb",1
"poor customer service for snr citizens to sign 15H at Malleswaram branch. Indifferent staff, no clear instructions. Unhappy.",0
Complaint in FB Page by Poongodi Balu ,0
"I have a Savings a.c, after merge my net banking I'd not working, what can I do",2
Sahi baat,2
How does @TheOfficialABC helps a poor man recover his money..Your customer service is the worst service ever experienced,0
I tried linking adhaar to my savings account online but it does not happen.,2
Is there any solution to it?,2
Is CDM accepting ?2000 notes??,2
how long does it take to link adhaar with savings account?,2
"Base rate of ABC 7.60% in NOV2010 ( Repo rate 6,25%) & 9.25% in Nov 2016",0
You can get in touch with them through their Twitter handle @TheOfficialABC or their website,1
Where will go for bhim app transactions failed. ABC Bank not taking application as,0
"TheOfficialABC failed to respond. However, there was no revert showing his utter disdain for customer concerns. ",0
" He did not respond. I called him later twice, he refused to pick up call. I WhatsAppd him again poi",0
"Bank Anywhere through your Android, iOS & Blackberry device! Follow us for digital banking updates",1
"poor coordination, indifferent staff, at ABC Malleswaram. Senior citizens waiting to sign 15H without proper info.#Fail",0
"Dear Sir, Token no. 3034546010141 is not resolved yet. Please help.",2
"not updated even after a fortnight, I contacted the BM Sunil Goel on his cell 6668153674. ",0
"No csh in ATM, Bank survr dwn, App nt wrkng. Still we hv to mntn min blnc and pay taxes Great. Keep it up???",0
help me get foregien education loan plz..your managers want personal favour in form of money or party to pass loan,0
what's the use of keeping this board in Tamilnadu where even 1% doesn't know what's written??,0
Thanks for the reply.,1
challenges in financial services sector,2
"I am practicing Doctor, serving or the country for last more than 50 years,& this what I get",2
"Totally fair, need to use NEFT or similar. Higher transaction cost for cheque",2
help me get foregien education loan plz..ur managers want personal favour in form of money,0
"On Mar 18, I had submitted documents requesting change of address to my home branch Sikanderpur",2
why senior citizen should not be infomed abt the chq and y penalized for fault of bank.,0
"informing me as RBI guidelines, returned the cheque and deducted 575inr . apology 1-3 instead 2",0
plz help. contact of madhubani branch coming not reachable. I m student .. don't know how to proceed . plz help,2
got call from 9821063916 at 10:43 claiming that my debit card won reward points. shared OTP .Rs 5000 deducted.,0
"my chq no.264582,for inr26270,presented in SBBJ,Nangal raya, New Delhi, the bank without ",2
help me get foregien education loan plz..ur managers want personal favour in form of money/party to pass loan,0
"Can u pls share what ur Branch Mgrs r expected to do, when a customer contacts them? Ignore their issue, refuse 2 respond?",0
Government should see that the Banks have sufficient money. Now  people not able to trust Banks,0
Congratulations to ABC for being amongst the top 50 Banks in the world ! Proud to be a customer of ABC . ,1
help me get foregien education loan plz..your managers want personal favour in form of money or party to pass,0
pls tell what are the free cheques for saving a/c above amount 1 lakh in a fin year,2
"No technological prowess, managerial capability to offer, why then merge? ABC merger is a disaster.",0
help me get foregien education loan plz..your manager want personal favour in form of money or party to pass loan,0
is there any changes for closing my a/c for which I am unable to maintain minimum ,2
Mail sent to the id mentioned by you. Pls check #Thanks,2
I have visted many times in bank as well as. I do not understand ABC bank is moving digital .,0
"State Bank Anywhere through your Android, iOS & Blackberry device! Follow us for digital banking updates.",1
challenges in financial services sector ,2
So what about IFSC code??? It will be change or same as old one??,2
GST challenges in financial services sector ,2
"used ur atm withdraw 10000 got only 9600, pak back my 400",0
Your Complaint With Ticket No. 2949888263,2
seems there is no control of RBI over transaction charges imposed by banks & they are charging what they like,0
"ITI Township , slow work , they don't know the exact problem,.They can't make entry in passooks.Kindly assist them ASAP",0
Still haven't received a reply from your end...Regardin the money deduction..,0
"most of the trans online results in removal of huge physical burden & cost reduced, y charges on online trans.",1
"Watch ABC Chairman addressing the press about the Mega Merger between ABC, its 5 associate banks and BMB",1
Like if he is native of Banka district and works in Bhagalpur district. (Both the districts in Bihar)..,2
is there any changes for closing my a/c for which I am unable to maintain minimum balance. Feeling trapped,0
How cashless will go if the banks are charging on online transactions also for non business & small accounts?,0
is there any changes for closing my a/c for which I am unable to maintain minimum balance. Feeling trapp,0
