description,tags
ABCBank,2
please jhansi city ke regional office ka number provide kara dijiye . kisi bhi number par abhi tak meri call nahi gyi ,0
GIVEN COMPLAIN   ON APRIL 3  GRIEVENCE NUMBER  C/03042017/55103  NOT ABLE TO CHECK THE STATUS  UPDAT ,0
where to lodge complaint for failed online transaction..the helpline people are unable to solve it..!!,0
"I am proud to part of """"ABC""""  you're service and staff are really helpful other #bank never care there customer. Thank you .??",1
WE DEMAND IMMEDIATE ACTION AGAINST BM ARYANAGAR  KANPUR,0
Why to stand in queue at Bank?,0
where should I go to solve my problem when customer executive are not responding. I will update their call recordings soon,0
very bad service at Raigarh,0
I forgot to mention about the app.. It needs to be reinstalled in every two weeks.. Great fun it is.,0
Ohhh... I hope you bring some positive change.. May you be saved from customer's frustration,2
I understand your problem...  Always a pain ,2
Ok,2
Ok so please advise her also to lodge a complaint.in her bank. May be amount is with her bank.,2
please improve your statement about atm by24by 7 at raver branch hardly requestable,0
Invest in Cent Tax Savings Scheme & get relief from tax.,1
"Monthly Interest Deposit Receipt (MIDR) provides monthly interest earnings to  customer, without affecting the principa…",1
Security for your valuables,1
Avail Safe Deposit Locker facility of ABC Bank. ,1
Why to stand in queue at Bank?,0
I see her ac..stmt debit also,2
i advised u to not disclose  your ac detail on social media.,0
 U can ask for a/c statement of payee.for confirmation.,2
Ok check your ac is there any dupulicate entry for that the payee has loged complain t…,0
he issued one copy & explain to customer bank stationary wastage and oppely said if u need more copy kindly make photocopy,0
Jamnagar ranjit nagar branch does not issued form 15H to customer.Asst manager speak ruddely to customer after so argument h,0
Why my home loan is still 9.70% when @ABCbank_in  it self giving a loan to new customer at 8.50%? Shall i transfer my home loan to other,0
Sir please tell me about your problem.,2
Kya hua dev sir ,2
aPKI app se..Jo Mera 25000 rs cut HUva he usaka Javab do. Fir prmoting kro.,0
"Sir,I wanted to pay this cheque against Bill pay off",2
Manager: have you filled the form. It will be resolved. ,2
sir kisi ka ATM card mila h to kya Karu plzz tel,2
muje kisika ATM card mila h ,2
ABC Bank of India offers EMI option for ABC Card holders on online shopping. ,1
why is this twitter handle when u dnt respond to complaints?,0
Buy Now & Pay Later,1
ABC Bank of India offers EMI option for ABC Card holders on online shopping. ,1
MISSED CALL FACILTY FOR CREDIT CARDS:,1
Card holder may send a missed call from his/her registered mobile number to +9192… ,2
how to resister mobile number in my account ,2
how to contact your bank's customer service representative in Twitter?,2
"Hi ,I m unable to log in Cntral aap.after given Userid & MPIN ...it asking fr CIF number...pls ass…",0
Wse hr kisi k bski ni h apke jesi ghtiya service dena,0
y u r not refund my money.at the of deduction u deduct instantly.n in the time of refund not giving  proper response VBS,0
My transaction with @officialBhimapp via @ABCbank_in are failure. Even at present 1 transaction…,0
"Payment failed during transaction but the amount was debited from my ABC Bank of India bank account, ",0
"sir, my mother's pension still not disbursed. emi deducts on 5th. your bank is causing us to be a defaulter.",0
Can you please ask your employee at the branch 388330 to look for my cheque that they have lost and haven't deposited yet:(,0
Our user Santosh  has a feedback,2
How can start my Account Net Banking... ,2
PPF A/C INTEREST NOT SHOWN WHEREAS LAST YEAR IT SHOWN ON DT31-03-2016. BUT YET NOT SHOWN DT 31-03-2017?,0
ABC is going solo. They are omitting #jio4g cause they ar…,2
Why not accepting via @TheOfficialABC . Not reading various cards &,0
BHIM (Bharat Interface for Money) app.,1
RT @ABCbank_in: BHIM (Bharat Interface for Money) app.,1
"Make simple, easy and quick payment transactions using Unified Payments Interfac… ",1
my current ac debit 25000 rs date 20/3/17  no return tail date,0
Other banks - calls you within 24 hrs and listen to the problem. ,1
No response  Not happy,0
my ac 25000 debit with you upI app,2
"For customers, outstation cheques will clear in 3 working days. For them within 24hrs,that too on holiday. ",1
"If other banks can do imps and neft without any commission, then why not CBI.",0
now you all want me to wait again for next 45 days right!!!! This bank an…,0
pm ki mudra yojna toh di ni aapk branch ne kya vishvas karey ABC bank of india pr,0
Worst service these days I had applied for cheque book on 22nd March but still not received ,0
no one is helping in Borivali Branch,0
Planning for a mid week movie? Simply use QuikPay with your ABC Bank Visa Debit Card and enjoy discounts ,1
Y u people paying rent whn thr is no ATM service almost all atm near station r closed,0
Not taken loan and covering loan amount from current ac,0
Koi aur le aur koi aur bhare,0
Why there is no cash in atm's RT nagar,0
"At the time of digitization and limit on cash transactions, dnt undrstnd why r we getting charged for IMPS trans?",0
"also customers are withdrawing more than needed at a time, to avoid unreasonable charges on multiple withdrawals",0
"ordered killer jeans watch, through mail (link)got from ABC bank almost 20 days over, it's not at all delivered.",0
Deducted 5000 Rs in 4 Days and responding properly,1
not replying us for deducting 5000 Rs from current account in four days,0
 can't understand why can't interest certificate which is anyhow unsigned be available on line? Not customer friendly.,0
waiting at Vasant Garden Branch. No token. People just not bothered about queue. First time seeing this here. Came for int. cert.,0
Didn't get refund frm @ABCBank yet into account for transaction cancelled on Paytm on March 9th. Amt 73k+ ,0
will you confirm how much time it will take? I stay or go to do other work.. waiting for your reply,0
they are not sure how much time it will take to resume service  poor service very upset,0
at your sigra branch varanasi.. as per your official network is not available to do any transactions 1/2,0
i get this error message everytime i try doing a debit card txn since 3days,0
"really disappointed with your services , no customer support . Its time to move out from your bank.",0
Yet nobody called me.,0
Again bad service from ABC.  IMPROVE,0
I suffered loss of 5000 RS.,0
Who will gonna pay this ? : null,0
30 minutes to wait to speak to a supervisor?? If time is mone,0
I request a call back at the earliest. ,2
Really this long to speak to a supervisor at your customer care Mumbai number? Go fed u,0
Get ready for summer with the latest styles from @myntra! Use ABC Bank Cards & get discounts on #TrendyWednesdays!,1
"was promised wills life style 500 Rs gift certificate with new account kit, but gift certificate wasn't there ",0
see attached your message from the 2nd that someone will call.  No one has,0
are u not even going to respond anymore?,0
"the chatbots are useless, phone banking doesn't answer, request for callback leads to being bounced from dept to dept ",0
unable to reach a single customer service individual with a brain.,0
Worst services,0
a hold request public not to apply fr credit card here in dis bank,0
Such a pathetic service by @ABCBank @ABCBank_Care from three days u people r disturbing like hell.,0
if your atms can't dispense cash you might as well shut them and free that space for other public use.,0
Ground floor property available for ATM use in Puducherry on main road easy access,1
It's the story of almost all ATM in Tamilnadu,0
"Nri's looking for money transfer services to India don't bother with  , worst service, can't solve problem ",0
Need an answer,0
with its net-banking service,2
cant evn arrange a cctv ftg of atm withdrwl by a fraudster shame on this,0
The amount is not much but it is a question of ethics. Banks should value it the most.,0
"The largest single building office in India,  #ABC headquarter looks amazing on a rainy evening in",1
a useless bunch of people who cant even solve a simple yet a small issue,0
doing fraud & provide wrong info to customer. Said to Zero Balance NRI a,0
It is pathetic that @ABCBank_Care  does not care about grievances of customer. @ABCBank Please resolve my issue,0
is d investigation done. I hope ppl in kaggadaspura will not have d same fate again dis weekend ,0
"FASTag is a reloadable RFID tag for paying toll charges, which helps you drive through toll plazas without stopping",1
"ABCBank where is Tamil language in your ATM. Pic is taken from Big Street, Triplicane, Chennai",1
Congratulations! We ppl in Tamil Nadu r deeply disappointed tht u have removed Tamil language fm ATM'S i,0
"Model Bank new category, most promising proof of concept, goes to",0
please credit the amazon gift voucher for registering in twitter account .I didn't get any mail regarding this,0
Paytm once again confirm that they have processed the payment to @ABCBank . ABC bank not refunding ,0
My bank is saying that it was a successful transaction from my account to Amazon,1
I sent a mail to customer.care@ABCbank.com still waiting for resolution. I also pm you but no action,0
"It may be other bank's ATM charge. Generally, Rs 20 is deducted, if you withdraw from other bank's ATMs.",0
Tell me why there is this extra Rs 23 on each withdrawal,0
Hey @ABCBank cash not getting withdrawn from JanaKalyan Sahakari Bank ATM but reflected in account. Tell me how d,0
Bank integrates its net-banking service with DigiLocker,1
Try the Bharat QR scanner on #Pockets app from ABC Bank to make payments without carrying a physical card!,1
Secure your family & keep them well protected from unforeseen circumstances. Invest in iProtect from ABC Bank,1
Use the #AllinOneiMobile app for transactions & you could get a free pair of SkullCandy headohones!,1
Bad behaviour by @ABCBank on Day 26.,0
They tweeted this.Fact is no details have been asked in the email.I have jus,0
Have visited over 25 ATMs of various banks in last one week & none of them had cash!,0
Thank you for looking into it on priority !!!,1
Much appreciated !!!,1
"atria college,hebbal ,Bangalore ",2
Still waiting for your call,0
Your email is a standard auto reply.. is useless..,0
You are most welcome :),1
no one is helping in Borivali Branch,0
I have Messaged my Registered phone no. to you yesterday ..,2
Kindly reply to this Tweet... I received Password but not User ID.. How to login into Internet banking.??,0
can some one check if the way MAB is being charged on unsuspecting customers without any comm. is right #ABCMAB,0
Y u people paying rent whn thr is no ATM service almost all atm near station r closed,0
It is not that I have no money in this bank. I have FD with you.,0
"MAB should not be a tool for profit, you should have asked to close the a/c instead of charging month on month.",0
"Hii Ma'am, I have taken home loan from @ABCBank_Care but I m very disappointed with services given for disbursment.",0
"Silently deducting MAB from my a/c for 10 months, no intimation for corrective action, my only misdeed - made FD from my a/c",0
Not taken loan and covering loan amount from current ac,0
Koi aur le aur koi aur bhare,0
Wah re,2
J.P Road branch and Veera Desai Road Branch. J.P Rd ATM is often not functional or only has 2000 notes.,0
plz. Provide customer care tel no,1
I had pay via upi.but 50% cash back not came. ,0
Not taken loan and covering loan amount from current ac,0
Koi aur le aur koi aur bhare,0
Wah reh ABC Bank,2
"Why are there ""No Cash"" boards on several ATMs in Azad Nagar, Andheri. Seeing several reports on the same",2
why aee you charging for each transaction including online transaction?,2
We would like to inform you ABC25T voucher is expired on march 31st,2
Waste of time,0
There is one more ATM at thia branch where card is not detected properly...one has to swipe card 3 or 4 times...,0
Deducted 5000 Rs in 4 Days and responding properly,1
For deduction,2
Deducted 5000 Rs in 4 Days and responding properly,1
"Ahmedabad is not a metro city, But your shahibag atm shows it is metro ATM..how it can be possible ??",2
My address had 2 b updated for correct delivery which i did nd den placed d request. Seems like a lazy bum was on d job ,0
"I placed a request for the re-dispatch of my credit card on 29 Mar. I checked today, found no request was taken",0
Are you sure they will contact me in this JANAM (Birth) ?,0
Deleting bhai,0
I can receive my monthly statement but cannot have single feedback ,0
This informations should not be made public Bhai,0
I need to HV applied reduced HL interest rate my no 9920657907,2
please call to me Sri Lanka Number : 0094-765903191,2
feeling like I should choose some other in Sri Lanka instead of ABC.,0
your help is required for my mobile no updation in my personal loan a|c. How to update no in Online.,0
will you confirm how much time it will take..? I stay or go to do other work.. waiting for your reply,0
at your sigra branch varanasi.. as per your official network is not available to do any transactions.. 1/2,0
i get this error message everytime i try doing a debit card txn since 3days,0
"really disappointed with your services , no customer support . Its time to move out from your bank.",0
Yet nobody called me. However a good job done by the branch manager. HAPPY,1
Again bad service from ABC,0
I suffered loss of 5000 RS.,0
Who will gonna pay this ?,2
thanks for this info,2
"Centrally you know your data, if there would be any specific I would have not raised my voice, hard",0
30 minutes to wait to speak to a supervisor??,0
"Near Mazgaon circle, Nesbit Road, Opposite Union Bank of India, Mazgaon Mumbai 400010",2
plz be quick waiting fr ur call.,0
I request a call back at the earliest. Thanks to the manager. It worked.,1
just so frustrated with ur credit card application n post verification criteria. They hv Ruined my peace as such.,0
Really this long to speak to a supervisor at your customer care Mumbai number? Go fed u,0
"was promised wills life style 500 Rs gift certificate with new account kit, but gift certificate wasn't there",0
ABCBank_Care and 3 executives. i would say it is ridiculous and rubbish bank. even 10 days ago i tweet this matter and i got reply that,0
"THERE ARE SO MANY BANKS GO WITH THEM.... i was not expected this answer from ABC salary account opening head, branch head",0
they are replying WHEN WE GET TIME WE WILL COME TELL YOUR OWNER TO SPARE TIME FOR US IF YOU WANT TO OPEN ACCOUNT OTHERWISE..,2
Since 2 months i calling ABC executives to open salary accounts but they are not interested to open account.,0
ABCBank_Care sucks. The Cust Care num for Maha doesn't work and the online Request Call Back Now feature hasn't responded in 30 mins,0
One is beside HPCL petrol pump. No CASH availability there any time. I don't remember when I get ca,0
Check for Serilingampally area. There are 3 ABC ATM. Either out of service or No CASH.,0
Thanks but still treading account not close and pro data reversal of rs.525 not credited in my link account. Yet,0
 Will get this checked and update you.  Super Service,2
I am a salary account in ABC colombo branch and while tring to reach them no one is picking the c,0
"is this twitter handle operated by a lucid human being, or is this yet another bot? #ABC_Retards",0
if am unable to order do I get any order ID ??@ABCBank_Care please tie up with someone else...or p,0
hi . I want to close my account... Please can you let me know if i can visit my nearest Branch and close it?,0
Worst services by @ABCBank_Care,0
hold request public not to apply fr credit card here in dis bank,0
Such a pathetic service by @ABCBank @ABCBank_Care from three days u people r disturbing like hell.,0
This should be fair commitment.,2
"ABC bank changed currency during demonetisation at the rate of 30%, apparently asked me, if I had any Biggest scammer.",0
Any update? No one called btw. Its been 10 days since i requested for saving account. How long usua,2
"I don't see anyone working with integrity, some Neha Jain asked openly for bribe, #deathofhonesty.",0
ABC people are just slacking off doing nothing.,0
"ABC Bank this bank is a hoax, they never called as promised and not doing anything on the matter I raised.",0
I had made an NEFT payment on 31st march but it is still not credited to the beneficiary.,0
Add one more... ABC powai branch too don't have cash in 2ATMs.,0
I have already shared with you my contact details in DM but no response,0
It's the story of almost all ATM in Tamilnadu,0
ABC ACCCOUNT 135701506290,2
"Nri's looking for money transfer services to India don't bother with @ABCBank @ABCBank_Care , worst service, can't solve problem",0
Need an answer!!!,0
